first_name,last_name,age,email
Athena,MacCafferky,76,amaccafferky0@flavors.me
Elsey,Hadlington,79,ehadlington1@icq.com
Biddie,Tebbut,82,btebbut2@biblegateway.com
Carey,Fayerbrother,81,cfayerbrother3@thetimes.co.uk
Chiarra,Tipling,44,ctipling4@webs.com
Bab,Scullion,23,bscullion5@barnesandnoble.com
Morgen,Thebeaud,20,mthebeaud6@house.gov
Clem,Lightowler,40,clightowler7@list-manage.com
Lyndsie,Hamberston,41,lhamberston8@theatlantic.com
Giavani,Candelin,18,gcandelin9@ucoz.ru
Deb,Grayston,48,dgraystona@globo.com
Lesli,Clemendot,37,lclemendotb@deliciousdays.com
Torey,Emor,78,temorc@mozilla.org
Sydney,Clementucci,27,sclementuccid@ft.com
Audry,Tousy,29,atousye@state.tx.us
Tony,Guillou,65,tguillouf@miitbeian.gov.cn
Nerissa,Baily,36,nbailyg@ox.ac.uk
Martica,Josland,34,mjoslandh@surveymonkey.com
Pollyanna,Barth,78,pbarthi@icq.com
Fernando,Gerardi,18,fgerardij@example.com
Tatum,Sturton,52,tsturtonk@house.gov
Connie,Butland,61,cbutlandl@barnesandnoble.com
Allyson,Gildroy,45,agildroym@blogs.com
Lynea,Dewey,29,ldeweyn@biglobe.ne.jp
Byran,Benettelli,63,bbenettellio@seesaa.net
Osgood,Rankcom,24,orankcomp@sun.com
Dale,Aiton,64,daitonq@archive.org
Lonna,Kobiera,48,lkobierar@who.int
Rolfe,Dinneges,58,rdinnegess@canalblog.com
Dasha,Dresse,76,ddresset@artisteer.com
Iago,Vokes,23,ivokesu@umich.edu
Hillier,Haggeth,34,hhaggethv@google.co.uk
Perle,Lowerson,61,plowersonw@europa.eu
Maryann,Andriuzzi,69,mandriuzzix@blogspot.com
Eward,Torrijos,23,etorrijosy@gnu.org
Bobby,Offin,57,boffinz@soundcloud.com
Thebault,Jentzsch,71,tjentzsch10@domainmarket.com
Larry,Shaddock,51,lshaddock11@parallels.com
Kakalina,Mundford,39,kmundford12@wsj.com
Travis,Cunradi,58,tcunradi13@rakuten.co.jp
Bat,Wigley,26,bwigley14@pbs.org
Kip,MacKall,21,kmackall15@rediff.com
Moses,Darey,72,mdarey16@wikimedia.org
Maggee,Townson,77,mtownson17@dropbox.com
Ellerey,Santoro,35,esantoro18@yellowbook.com
Zenia,Jakubowski,45,zjakubowski19@ca.gov
Olag,Lecky,18,olecky1a@newyorker.com
Antony,Copo,29,acopo1b@scribd.com
Cathlene,Randales,27,crandales1c@nationalgeographic.com
Lila,Simonin,42,lsimonin1d@jimdo.com
Annalee,Cuttelar,39,acuttelar1e@typepad.com
Nariko,Mapston,73,nmapston1f@sciencedaily.com
Von,Coates,42,vcoates1g@creativecommons.org
Benoit,Riseborough,26,briseborough1h@theatlantic.com
Simona,Loweth,62,sloweth1i@webnode.com
Rory,Connue,19,rconnue1j@reverbnation.com
Care,Goncaves,74,cgoncaves1k@si.edu
Bette-ann,Bohlsen,18,bbohlsen1l@ed.gov
Roderick,Garrison,46,rgarrison1m@cdbaby.com
Todd,Venner,66,tvenner1n@ihg.com
Roslyn,Lattie,23,rlattie1o@state.gov
Erskine,Feacham,51,efeacham1p@hibu.com
Cilka,Antonoczyk,26,cantonoczyk1q@cnbc.com
Even,Tulip,57,etulip1r@domainmarket.com
Domeniga,Emery,51,demery1s@squarespace.com
Marlie,Swyer-Sexey,80,mswyersexey1t@oracle.com
Burty,Tathacott,70,btathacott1u@dot.gov
Averell,Broker,74,abroker1v@sogou.com
Chloe,Eslie,44,ceslie1w@sourceforge.net
Clifford,McCoveney,70,cmccoveney1x@amazon.de
Judon,Almack,56,jalmack1y@vinaora.com
Gal,Bleeze,36,gbleeze1z@nba.com
Ethelind,Vann,64,evann20@cbc.ca
Vernor,Di Bartolommeo,47,vdibartolommeo21@usgs.gov
Desirae,Farquharson,78,dfarquharson22@bloglovin.com
Xever,Bates,27,xbates23@e-recht24.de
Zelma,Norvill,75,znorvill24@cafepress.com
Ansell,McIlenna,47,amcilenna25@mozilla.org
Zarah,Comoletti,59,zcomoletti26@yellowpages.com
Hildagard,Sivil,38,hsivil27@networksolutions.com
Caprice,Oger,40,coger28@sina.com.cn
Becki,Waywell,71,bwaywell29@bloglines.com
Bryon,Chatelot,53,bchatelot2a@goodreads.com
Celestia,Pinar,66,cpinar2b@spiegel.de
Lia,Sine,64,lsine2c@mediafire.com
Timofei,Manford,52,tmanford2d@yandex.ru
Waylan,Jakubovits,58,wjakubovits2e@weebly.com
Camey,Gurdon,18,cgurdon2f@adobe.com
Haleigh,Heskey,21,hheskey2g@issuu.com
Margarethe,Faughey,51,mfaughey2h@free.fr
Tobit,Arundel,43,tarundel2i@washington.edu
Eadie,Gerleit,43,egerleit2j@japanpost.jp
Oberon,Everist,74,oeverist2k@networksolutions.com
Sergei,Flecknoe,71,sflecknoe2l@jugem.jp
Hobart,Farlowe,50,hfarlowe2m@ox.ac.uk
Madelina,Backhurst,60,mbackhurst2n@mapquest.com
Gerrie,Southcomb,59,gsouthcomb2o@oracle.com
Hort,Claige,83,hclaige2p@auda.org.au
Tommi,McCook,83,tmccook2q@apple.com
Jarvis,Kellie,58,jkellie2r@issuu.com
Any,Dawidowitsch,39,adawidowitsch2s@independent.co.uk
Leon,Bertenshaw,66,lbertenshaw2t@quantcast.com
Gay,De Bell,44,gdebell2u@engadget.com
Claudius,Pandya,33,cpandya2v@scribd.com
Brandise,Gribben,18,bgribben2w@mozilla.org
Sharai,Patillo,53,spatillo2x@noaa.gov
Carmelle,Gillis,84,cgillis2y@marriott.com
Winnie,Norledge,59,wnorledge2z@merriam-webster.com
Agretha,Brotherwood,84,abrotherwood30@boston.com
Lita,Ayton,44,layton31@photobucket.com
Brittany,Fryman,84,bfryman32@tamu.edu
Charmine,Franceschelli,27,cfranceschelli33@hostgator.com
Doria,Passy,57,dpassy34@twitpic.com
Mahalia,Lefley,50,mlefley35@tripod.com
Aurore,Dumsday,37,adumsday36@delicious.com
Gnni,Kupke,64,gkupke37@smugmug.com
Dotty,Ygou,53,dygou38@who.int
Gerianna,Peacock,35,gpeacock39@cocolog-nifty.com
Beverie,Trillow,57,btrillow3a@forbes.com
Belia,Woonton,65,bwoonton3b@mail.ru
Billy,Pell,36,bpell3c@eventbrite.com
Emera,Witcherley,48,ewitcherley3d@livejournal.com
Lucias,Glandon,45,lglandon3e@tuttocitta.it
Hilliard,Eddis,59,heddis3f@skype.com
Pall,Bohike,52,pbohike3g@posterous.com
Flemming,Dutt,73,fdutt3h@nationalgeographic.com
Maggy,Braisher,35,mbraisher3i@redcross.org
Nelle,Tenman,38,ntenman3j@mapquest.com
Merwyn,Mead,71,mmead3k@godaddy.com
Carin,Eskrigg,59,ceskrigg3l@irs.gov
Jory,Stoving,38,jstoving3m@wordpress.org
Brooke,Hemshall,62,bhemshall3n@purevolume.com
Almire,Burg,47,aburg3o@tripod.com
Letitia,Cornilli,41,lcornilli3p@noaa.gov
Kelcey,Storah,25,kstorah3q@themeforest.net
Derick,Lande,27,dlande3r@alexa.com
Elka,Kesby,30,ekesby3s@blog.com
Rayna,Lendon,63,rlendon3t@gizmodo.com
Carrie,Prettejohns,74,cprettejohns3u@adobe.com
Lira,Ramshay,26,lramshay3v@census.gov
Rutledge,Billyard,18,rbillyard3w@mtv.com
Worth,Baton,63,wbaton3x@dmoz.org
Breena,Portugal,23,bportugal3y@over-blog.com
Bengt,Raun,68,braun3z@issuu.com
Teodoor,Blythe,60,tblythe40@shop-pro.jp
Blondy,Exrol,31,bexrol41@multiply.com
Lawry,Burleigh,65,lburleigh42@canalblog.com
Lily,Clappson,69,lclappson43@desdev.cn
Micki,Concannon,47,mconcannon44@xing.com
Elizabeth,Lantuffe,78,elantuffe45@sun.com
Arin,Harm,45,aharm46@altervista.org
Bram,De Luna,83,bdeluna47@yellowbook.com
Cynthy,Chrisp,36,cchrisp48@mayoclinic.com
Isabelle,Enticott,20,ienticott49@huffingtonpost.com
Hendrika,Flack,83,hflack4a@hatena.ne.jp
Gertruda,Buney,52,gbuney4b@mapy.cz
Tiff,Lashbrook,83,tlashbrook4c@ebay.co.uk
Marilyn,O'Fielly,28,mofielly4d@businessinsider.com
Ody,Caines,41,ocaines4e@dmoz.org
Arv,Whiffin,50,awhiffin4f@list-manage.com
Franz,Biddlecombe,65,fbiddlecombe4g@sciencedaily.com
Luke,Sore,58,lsore4h@blogspot.com
Nalani,Wickersham,60,nwickersham4i@imdb.com
Corinne,Regis,19,cregis4j@1688.com
Madeleine,Doey,50,mdoey4k@sciencedaily.com
Sigrid,Rispin,32,srispin4l@sohu.com
Florenza,Ellgood,57,fellgood4m@marketwatch.com
Maison,Sillis,48,msillis4n@cornell.edu
Donny,Pebworth,44,dpebworth4o@ox.ac.uk
Wald,Raddon,41,wraddon4p@bravesites.com
Adair,Hutsby,23,ahutsby4q@who.int
Scarface,Dumblton,74,sdumblton4r@scientificamerican.com
Karlotte,Winham,70,kwinham4s@51.la
Gabe,Gouda,38,ggouda4t@microsoft.com
Valentine,Stonbridge,69,vstonbridge4u@smugmug.com
Joshuah,Simonyi,43,jsimonyi4v@fotki.com
Jud,Petrov,65,jpetrov4w@chronoengine.com
Lotti,Tuft,84,ltuft4x@pbs.org
Clevey,Bariball,75,cbariball4y@dagondesign.com
Baxter,Bilfoot,83,bbilfoot4z@goo.ne.jp
Baily,Crockford,50,bcrockford50@senate.gov
Reiko,Bolino,24,rbolino51@feedburner.com
Chad,Lilliman,62,clilliman52@unc.edu
Kiley,Jorger,72,kjorger53@accuweather.com
Jaclin,Potteridge,84,jpotteridge54@51.la
Giralda,Cockland,61,gcockland55@newsvine.com
Gaylene,William,51,gwilliam56@yellowbook.com
Lorin,Poe,51,lpoe57@epa.gov
Loralee,De Coursey,77,ldecoursey58@merriam-webster.com
Noemi,McIlmurray,30,nmcilmurray59@boston.com
Staci,Juris,53,sjuris5a@goodreads.com
Case,Vivash,82,cvivash5b@newsvine.com
Barbie,Dootson,67,bdootson5c@photobucket.com
Kingston,Justham,62,kjustham5d@t-online.de
Gunilla,Doody,61,gdoody5e@who.int
Lorri,Juden,62,ljuden5f@over-blog.com
Kilian,McConway,53,kmcconway5g@tiny.cc
Jaimie,Rouchy,64,jrouchy5h@squidoo.com
Lucky,Newitt,71,lnewitt5i@un.org
Booth,Searby,46,bsearby5j@microsoft.com
Milo,Kislingbury,58,mkislingbury5k@360.cn
Hettie,Dorrins,83,hdorrins5l@facebook.com
Archambault,Ible,54,aible5m@cnbc.com
Davide,Gaddas,28,dgaddas5n@paypal.com
Essie,Morrish,38,emorrish5o@stanford.edu
Chantalle,Sisley,56,csisley5p@go.com
Garwin,Hanretty,58,ghanretty5q@geocities.com
Revkah,Skyrm,58,rskyrm5r@telegraph.co.uk
Laurie,Muris,60,lmuris5s@mlb.com
Cordelie,Scholling,40,cscholling5t@sitemeter.com
Adriaens,Gemmell,80,agemmell5u@cnn.com
Katleen,Kinney,31,kkinney5v@geocities.jp
Sile,Giamitti,62,sgiamitti5w@yale.edu
Velma,Dameisele,69,vdameisele5x@google.it
Demott,Regardsoe,59,dregardsoe5y@google.nl
Aryn,Bette,72,abette5z@narod.ru
Carmencita,Pfeifer,79,cpfeifer60@desdev.cn
Dulci,Lillecrap,42,dlillecrap61@spotify.com
Shirleen,Coyle,50,scoyle62@independent.co.uk
El,Woolston,44,ewoolston63@boston.com
Jeremie,Keune,75,jkeune64@wisc.edu
Trixy,Alenikov,69,talenikov65@google.ca
Duncan,Yakunchikov,76,dyakunchikov66@unc.edu
Durand,McCorley,22,dmccorley67@goo.ne.jp
Gabriel,O'Cannovane,76,gocannovane68@earthlink.net
Andie,Fotitt,41,afotitt69@fema.gov
Ryun,Leeb,48,rleeb6a@tumblr.com
Sisile,Bricknell,56,sbricknell6b@mysql.com
Buiron,Chitty,55,bchitty6c@ed.gov
Klement,Trobridge,50,ktrobridge6d@istockphoto.com
Randal,De Meyer,82,rdemeyer6e@smh.com.au
Carlita,Delph,84,cdelph6f@seesaa.net
Efrem,Cromblehome,36,ecromblehome6g@theguardian.com
Donnie,Cartmail,83,dcartmail6h@deviantart.com
Kerrill,Bretland,75,kbretland6i@foxnews.com
Rockwell,Langhor,85,rlanghor6j@admin.ch
Katine,Wandrey,73,kwandrey6k@ftc.gov
Hazel,Louiset,66,hlouiset6l@berkeley.edu
Odella,Maiklem,23,omaiklem6m@nbcnews.com
Marnia,Skipsey,54,mskipsey6n@webmd.com
Kayley,Mauchline,34,kmauchline6o@goodreads.com
Thorndike,Sijmons,43,tsijmons6p@zdnet.com
Ruthann,Joseff,25,rjoseff6q@163.com
Astrix,Gratrix,33,agratrix6r@prnewswire.com
Wang,Keirl,59,wkeirl6s@goo.gl
Saidee,Boutcher,22,sboutcher6t@paypal.com
Maxie,Got,71,mgot6u@github.com
Loralyn,Stovine,52,lstovine6v@arizona.edu
Jana,Byforth,70,jbyforth6w@columbia.edu
Mortie,Carding,23,mcarding6x@histats.com
Cecil,Bernier,46,cbernier6y@dyndns.org
Xaviera,MacAless,25,xmacaless6z@ovh.net
Marys,Oven,24,moven70@washington.edu
Walden,Cable,33,wcable71@taobao.com
Alvy,Cleeton,47,acleeton72@bizjournals.com
Florry,Gummow,61,fgummow73@washingtonpost.com
Tania,Murkus,70,tmurkus74@php.net
Randi,Semble,59,rsemble75@yandex.ru
Sarah,Lawly,79,slawly76@reuters.com
Angel,Gonthier,67,agonthier77@reverbnation.com
Julianne,Dormand,75,jdormand78@tuttocitta.it
Adoree,Conklin,30,aconklin79@si.edu
Mauricio,Ledwith,38,mledwith7a@angelfire.com
Shay,Melladew,43,smelladew7b@time.com
Andrea,Bilson,51,abilson7c@biglobe.ne.jp
Simona,Inskipp,24,sinskipp7d@fema.gov
Loralee,Dwane,68,ldwane7e@cbslocal.com
Irita,Hucker,58,ihucker7f@zdnet.com
Sidonnie,Lenin,51,slenin7g@smh.com.au
Anselma,Tilley,71,atilley7h@etsy.com
Fredericka,Morde,48,fmorde7i@cbsnews.com
Noby,Epsly,33,nepsly7j@ameblo.jp
Anette,Mucci,53,amucci7k@google.de
Dot,Marte,45,dmarte7l@ow.ly
Scarface,Priddis,41,spriddis7m@uol.com.br
Fanni,Vlasenko,85,fvlasenko7n@hc360.com
Elena,Lemon,24,elemon7o@sbwire.com
Linnie,Roll,46,lroll7p@unesco.org
Nikoletta,Spurryer,49,nspurryer7q@i2i.jp
Kent,Coners,29,kconers7r@clickbank.net
Clevie,Calbreath,58,ccalbreath7s@blogger.com
Maxine,Gillmor,80,mgillmor7t@jalbum.net
Petronella,Cawdell,31,pcawdell7u@github.com
Hobart,Keay,79,hkeay7v@nhs.uk
Elberta,Joburn,76,ejoburn7w@pagesperso-orange.fr
Fabio,Gallant,78,fgallant7x@samsung.com
Corine,Hacquoil,29,chacquoil7y@netlog.com
Malina,Gregoletti,36,mgregoletti7z@bravesites.com
Maureene,Algeo,23,malgeo80@loc.gov
Viviana,Teresia,45,vteresia81@tamu.edu
Randa,Jewell,21,rjewell82@myspace.com
Berton,Bavin,81,bbavin83@senate.gov
Rodie,Margaret,60,rmargaret84@ucsd.edu
Deeanne,Munks,55,dmunks85@dmoz.org
Courtnay,Skilling,56,cskilling86@indiegogo.com
Romona,Dumbrall,54,rdumbrall87@army.mil
Roch,Gascard,73,rgascard88@mysql.com
Jayson,Gibard,35,jgibard89@seesaa.net
Chad,Wilsey,74,cwilsey8a@alibaba.com
Waly,Gartside,33,wgartside8b@nymag.com
Cheslie,Hillatt,85,chillatt8c@vistaprint.com
Caesar,Mikalski,74,cmikalski8d@skype.com
Lock,Doggart,31,ldoggart8e@godaddy.com
Efrem,Oxbury,50,eoxbury8f@omniture.com
Waylon,Aimson,28,waimson8g@buzzfeed.com
Markus,Aldiss,38,maldiss8h@topsy.com
Elinor,Patel,84,epatel8i@addthis.com
Gregoire,Kibbey,51,gkibbey8j@trellian.com
Jean,Copland,48,jcopland8k@comsenz.com
Stefan,Viollet,70,sviollet8l@businessweek.com
Rex,Stillgoe,27,rstillgoe8m@yolasite.com
Brade,Shorto,69,bshorto8n@dedecms.com
Karrie,Ballard,84,kballard8o@ca.gov
Farly,Poyzer,38,fpoyzer8p@pagesperso-orange.fr
Katya,Quidenham,24,kquidenham8q@stumbleupon.com
Evonne,Espinho,78,eespinho8r@sourceforge.net
Latrena,Wilshire,38,lwilshire8s@redcross.org
Tiffy,Andreasen,48,tandreasen8t@reverbnation.com
Gabriello,O'Connel,71,goconnel8u@reuters.com
Virge,Cockill,32,vcockill8v@sina.com.cn
Maje,Jagg,48,mjagg8w@sciencedirect.com
Fraze,Mitro,84,fmitro8x@nba.com
Chanda,Hickenbottom,80,chickenbottom8y@nhs.uk
Kenyon,Carnie,79,kcarnie8z@archive.org
Rubina,Jennaroy,43,rjennaroy90@deliciousdays.com
Marten,Lilywhite,18,mlilywhite91@sfgate.com
Estevan,Bugby,35,ebugby92@naver.com
Denver,Hughson,40,dhughson93@thetimes.co.uk
Lindsy,Jurgensen,35,ljurgensen94@comsenz.com
Jandy,Cutchee,68,jcutchee95@noaa.gov
Stephen,Leyban,81,sleyban96@gmpg.org
Winna,Ellam,66,wellam97@acquirethisname.com
Dorothea,Fairbrass,46,dfairbrass98@is.gd
Logan,Simmank,49,lsimmank99@unc.edu
Renato,Lansdale,46,rlansdale9a@desdev.cn
Lauri,Height,23,lheight9b@prlog.org
Zaria,Drewe,25,zdrewe9c@hhs.gov
Thorsten,Rennocks,52,trennocks9d@mapquest.com
Pen,Baker,84,pbaker9e@businesswire.com
Melisa,Pellett,36,mpellett9f@narod.ru
Jessie,Boribal,64,jboribal9g@tamu.edu
Colleen,Godspede,46,cgodspede9h@surveymonkey.com
Darill,Job,58,djob9i@harvard.edu
Tilly,McGhie,25,tmcghie9j@examiner.com
Stormie,Gwinn,67,sgwinn9k@ebay.com
Johann,Stanesby,81,jstanesby9l@cam.ac.uk
Audy,Clear,75,aclear9m@shareasale.com
Ralf,McOwan,39,rmcowan9n@tiny.cc
Cynthy,Oak,83,coak9o@gizmodo.com
Galvin,Delia,73,gdelia9p@earthlink.net
Henriette,Muncey,24,hmuncey9q@economist.com
Dallas,Abbatini,39,dabbatini9r@pinterest.com
Jordain,McNish,65,jmcnish9s@list-manage.com
Brodie,Learman,68,blearman9t@feedburner.com
Bo,Baudinelli,30,bbaudinelli9u@barnesandnoble.com
Ange,Ricoald,50,aricoald9v@blogspot.com
Belva,Flowers,72,bflowers9w@skyrock.com
Morna,Sivewright,63,msivewright9x@dot.gov
Boonie,Dowdall,67,bdowdall9y@smugmug.com
Emmi,Fairbairn,27,efairbairn9z@imageshack.us
Maurise,Borless,66,mborlessa0@wikimedia.org
Eugenio,Grove,69,egrovea1@statcounter.com
Orson,Tesmond,32,otesmonda2@webeden.co.uk
Laura,Deboick,22,ldeboicka3@seesaa.net
Kylila,Mettetal,37,kmettetala4@barnesandnoble.com
Whitney,McMorran,84,wmcmorrana5@pagesperso-orange.fr
Raphael,Crighton,36,rcrightona6@opera.com
Gan,Lumpkin,54,glumpkina7@nasa.gov
Scotty,Kennicott,42,skennicotta8@usda.gov
Bobbette,Faulks,48,bfaulksa9@sbwire.com
Hal,Gebuhr,48,hgebuhraa@abc.net.au
Aileen,Peyntue,62,apeyntueab@toplist.cz
Aldwin,Djokovic,79,adjokovicac@va.gov
Matteo,Frane,39,mfranead@dedecms.com
Charleen,Greaves,83,cgreavesae@yellowpages.com
Clarance,Skuce,43,cskuceaf@yellowpages.com
Kiley,Claypool,34,kclaypoolag@de.vu
Molly,Dufer,59,mduferah@salon.com
Druci,Piegrome,58,dpiegromeai@narod.ru
Stinky,Prate,59,sprateaj@huffingtonpost.com
Kaitlyn,Lanyon,72,klanyonak@51.la
Bartlet,Dilrew,26,bdilrewal@mac.com
Kennith,Seed,66,kseedam@amazonaws.com
Russell,Sirett,53,rsirettan@tinypic.com
Legra,Helliwell,23,lhelliwellao@state.tx.us
Lucienne,Chaffe,85,lchaffeap@yahoo.com
Euphemia,Dionisetto,32,edionisettoaq@wsj.com
Ardisj,Craster,27,acrasterar@cocolog-nifty.com
Jake,Marham,34,jmarhamas@ihg.com
Sidney,O'Day,63,sodayat@alexa.com
Avram,Ashpital,30,aashpitalau@g.co
Colas,Crone,44,ccroneav@vk.com
Velvet,Griffin,19,vgriffinaw@who.int
Bertie,Dumphry,34,bdumphryax@exblog.jp
Rodrique,Darwin,36,rdarwinay@odnoklassniki.ru
Carley,Shakspeare,72,cshakspeareaz@a8.net
Arthur,Shakesby,38,ashakesbyb0@goo.gl
Myrah,Bayles,82,mbaylesb1@auda.org.au
Kimmie,Giurio,39,kgiuriob2@abc.net.au
Nixie,Speenden,20,nspeendenb3@google.it
Evelyn,Lusher,85,elusherb4@prweb.com
Rosalind,Gummow,60,rgummowb5@answers.com
Nicol,Arnaut,80,narnautb6@cnbc.com
Christus,Jesús,2023,gdowersb7@ucla.edu
Bernette,Rumming,31,brummingb8@yolasite.com
Kenneth,Muffitt,51,kmuffittb9@vistaprint.com
Jenilee,Radbond,83,jradbondba@aol.com
Jedediah,Sywell,73,jsywellbb@blog.com
Terra,Grimsdale,41,tgrimsdalebc@usda.gov
Berthe,Bownes,54,bbownesbd@blogtalkradio.com
Melisenda,Lindop,39,mlindopbe@1und1.de
Elisabetta,Kleinfeld,38,ekleinfeldbf@mozilla.org
Mattie,Semonin,62,msemoninbg@ed.gov
Patrice,Faithorn,51,pfaithornbh@theglobeandmail.com
Manda,Dainton,42,mdaintonbi@slate.com
Korella,Tobin,83,ktobinbj@jigsy.com
Eziechiele,Moncaster,36,emoncasterbk@reverbnation.com
Darby,Beedell,42,dbeedellbl@stumbleupon.com
Glynn,Prescote,25,gprescotebm@qq.com
Helen,Fuggle,38,hfugglebn@springer.com
Gregor,Maseyk,50,gmaseykbo@telegraph.co.uk
Petunia,Brandacci,24,pbrandaccibp@deliciousdays.com
Novelia,Scriver,31,nscriverbq@pen.io
Amanda,Mishow,60,amishowbr@meetup.com
Caroline,O'Kenny,40,cokennybs@usa.gov
Brennan,Benstead,75,bbensteadbt@shutterfly.com
Marissa,Skylett,19,mskylettbu@independent.co.uk
Judith,Summersett,53,jsummersettbv@soundcloud.com
Tomi,Frangleton,23,tfrangletonbw@apple.com
Colan,Ruffle,21,crufflebx@diigo.com
Jess,Poyser,83,jpoyserby@irs.gov
Bette,Crowley,45,bcrowleybz@ucsd.edu
Bev,Favell,28,bfavellc0@storify.com
Isabelita,Pawels,65,ipawelsc1@cbslocal.com
Etta,Exrol,65,eexrolc2@aol.com
Tamarra,Batrip,44,tbatripc3@so-net.ne.jp
Aeriel,Botte,27,abottec4@geocities.jp
Fabiano,Kwietek,70,fkwietekc5@facebook.com
Reuven,Folger,64,rfolgerc6@discovery.com
Gerard,Spradbrow,34,gspradbrowc7@odnoklassniki.ru
Ianthe,Curedale,85,icuredalec8@themeforest.net
Hermina,Cowey,41,hcoweyc9@bloomberg.com
Andria,Gilbard,83,agilbardca@weibo.com
Wendye,Asif,54,wasifcb@amazon.co.jp
Rozalin,Fenton,82,rfentoncc@goo.ne.jp
Everard,Crinson,68,ecrinsoncd@ucla.edu
Guendolen,Armatage,78,garmatagece@wufoo.com
Dolf,Roffey,20,droffeycf@toplist.cz
Willa,Blackaby,31,wblackabycg@ibm.com
Tomasine,Ilett,37,tilettch@mtv.com
Clarita,Harwin,63,charwinci@trellian.com
Gare,Heinke,69,gheinkecj@etsy.com
Ossie,Wearn,72,owearnck@fastcompany.com
Karita,Longhi,33,klonghicl@simplemachines.org
Clair,Dumphry,42,cdumphrycm@nhs.uk
Westleigh,Simeons,43,wsimeonscn@jalbum.net
Bentley,Winterbourne,77,bwinterbourneco@npr.org
Charlena,Beminster,41,cbeminstercp@macromedia.com
Thornie,Bogies,44,tbogiescq@wordpress.com
Andeee,Ennals,50,aennalscr@mit.edu
Karlis,Geroldini,64,kgeroldinics@alexa.com
Ed,Garz,21,egarzct@livejournal.com
Pail,Richter,28,prichtercu@gmpg.org
Bryna,Maureen,80,bmaureencv@examiner.com
Dwain,Gymblett,31,dgymblettcw@tmall.com
Audi,Wadley,81,awadleycx@diigo.com
Tobin,Swales,57,tswalescy@abc.net.au
Arther,Packwood,69,apackwoodcz@yandex.ru
Mozelle,Cruden,67,mcrudend0@ycombinator.com
Lorain,Handford,84,lhandfordd1@yolasite.com
Bondon,Huff,84,bhuffd2@theglobeandmail.com
Patsy,Marvell,79,pmarvelld3@usgs.gov
Mariam,Swafield,19,mswafieldd4@networksolutions.com
Myrvyn,Self,35,mselfd5@so-net.ne.jp
Tiebout,Highwood,58,thighwoodd6@java.com
Thibaut,Flinders,77,tflindersd7@tmall.com
Aarika,Moss,72,amossd8@e-recht24.de
Wade,Jindracek,59,wjindracekd9@example.com
Allan,Valerio,69,avalerioda@gnu.org
Yuma,Sparrowe,65,ysparrowedb@wsj.com
Weber,Etienne,37,wetiennedc@liveinternet.ru
Emmie,Kilty,65,ekiltydd@theglobeandmail.com
Phoebe,Purple,67,ppurplede@baidu.com
Alexei,Churchin,55,achurchindf@squarespace.com
Abagail,Presidey,43,apresideydg@baidu.com
Tomasina,Pauleit,31,tpauleitdh@sourceforge.net
Lauretta,Erbain,69,lerbaindi@buzzfeed.com
Crystal,Jakobsson,48,cjakobssondj@booking.com
Iorgo,Raylton,42,irayltondk@theatlantic.com
Syd,Digges,74,sdiggesdl@ucla.edu
Meridith,Daenen,44,mdaenendm@meetup.com
Emmanuel,Lutwyche,49,elutwychedn@independent.co.uk
Cecilio,Batistelli,77,cbatistellido@storify.com
Kanya,Denge,72,kdengedp@hubpages.com
Rouvin,Culross,60,rculrossdq@jigsy.com
Sayre,Carnew,64,scarnewdr@soup.io
Lamont,Guerner,29,lguernerds@sogou.com
Regina,Aizikovich,46,raizikovichdt@biblegateway.com
Liliane,Laurenson,59,llaurensondu@gravatar.com
Sherye,Keeri,43,skeeridv@reuters.com
Vicki,Klejin,51,vklejindw@zdnet.com
Koralle,Trudgian,80,ktrudgiandx@disqus.com
Lyn,Leydon,72,lleydondy@nifty.com
Luella,Ryall,29,lryalldz@wikispaces.com
Shelley,Britt,84,sbritte0@hc360.com
Bernice,Plom,58,bplome1@homestead.com
Buiron,Fawthorpe,41,bfawthorpee2@indiegogo.com
Jena,Craddock,79,jcraddocke3@oracle.com
Conway,Lattimer,46,clattimere4@bloglines.com
Gilda,Bulmer,53,gbulmere5@bbb.org
Stacee,Davydenko,30,sdavydenkoe6@zdnet.com
Bord,Thams,22,bthamse7@163.com
Rhonda,Dummer,41,rdummere8@diigo.com
Bank,Grundy,81,bgrundye9@nyu.edu
Row,Castells,41,rcastellsea@sfgate.com
Celisse,Figgs,70,cfiggseb@census.gov
Ambros,Gallegos,20,agallegosec@hud.gov
Inge,Conichie,29,iconichieed@usnews.com
Burr,Gasperi,35,bgasperiee@nps.gov
Keslie,Habercham,24,khaberchamef@bing.com
Jule,Donnersberg,35,jdonnersbergeg@360.cn
Leanora,Draijer,65,ldraijereh@google.com.au
Cheri,Brashier,55,cbrashierei@amazon.com
Evonne,Brook,49,ebrookej@is.gd
Laird,Aust,82,laustek@google.ru
Eleonora,Mordan,58,emordanel@baidu.com
Randy,Bicksteth,29,rbickstethem@cnn.com
Alla,Avrahamoff,60,aavrahamoffen@flavors.me
Cynthia,Gildea,28,cgildeaeo@ask.com
Olvan,Wilne,18,owilneep@tamu.edu
Kelwin,Cane,63,kcaneeq@washington.edu
Myrtice,Siemantel,47,msiemanteler@java.com
Denyse,Atkin,80,datkines@statcounter.com
Carroll,Cuel,68,ccuelet@virginia.edu
Rosie,Bounds,66,rboundseu@goo.gl
Josias,Balfe,24,jbalfeev@surveymonkey.com
Eleonora,Randall,85,erandallew@wordpress.com
Scot,Heims,76,sheimsex@joomla.org
Matelda,Loch,31,mlochey@china.com.cn
Deloris,Rounsefell,58,drounsefellez@ameblo.jp
Cort,Fray,44,cfrayf0@xrea.com
Corey,Clews,84,cclewsf1@uol.com.br
Raviv,Normand,58,rnormandf2@wisc.edu
Nertie,Garbar,77,ngarbarf3@oaic.gov.au
Danell,Paddell,66,dpaddellf4@icio.us
Sarajane,Fincham,56,sfinchamf5@apache.org
Lanny,Nelle,47,lnellef6@lulu.com
Feliks,Fonquernie,32,ffonquernief7@sun.com
Cahra,Vernon,50,cvernonf8@nsw.gov.au
Reta,Colbert,73,rcolbertf9@theglobeandmail.com
Hadleigh,Donnelly,60,hdonnellyfa@kickstarter.com
Eydie,Llorens,65,ellorensfb@cbc.ca
Witty,Cranidge,39,wcranidgefc@guardian.co.uk
Terese,Tax,73,ttaxfd@google.es
Ignace,Gaze,45,igazefe@elpais.com
Dionisio,Kleuer,78,dkleuerff@scientificamerican.com
Anne,Ahren,74,aahrenfg@businessweek.com
Omero,Simison,25,osimisonfh@squarespace.com
Ingamar,Battin,42,ibattinfi@istockphoto.com
Mendy,Fronczak,25,mfronczakfj@liveinternet.ru
Olvan,McEwan,79,omcewanfk@1688.com
Othilie,Yapp,54,oyappfl@symantec.com
Clyde,Wombwell,33,cwombwellfm@shinystat.com
Garret,McGrah,61,gmcgrahfn@craigslist.org
Conway,Simonnet,52,csimonnetfo@abc.net.au
Phylys,Shelton,62,psheltonfp@loc.gov
Frankie,Campes,27,fcampesfq@free.fr
Ban,Hillen,31,bhillenfr@dell.com
Madelina,Motto,81,mmottofs@addtoany.com
Cybill,Pedden,24,cpeddenft@gov.uk
Regan,Heffy,48,rheffyfu@freewebs.com
Ros,Noel,49,rnoelfv@sphinn.com
Cleve,Rosenvasser,69,crosenvasserfw@sbwire.com
Fawne,Craigheid,57,fcraigheidfx@sphinn.com
Basilio,Waddoups,18,bwaddoupsfy@homestead.com
Gus,Crockett,63,gcrockettfz@uiuc.edu
Gran,Trevascus,70,gtrevascusg0@alexa.com
Max,Mackriell,67,mmackriellg1@sitemeter.com
Sebastien,Skitch,32,sskitchg2@techcrunch.com
Clari,Wicklin,80,cwickling3@smugmug.com
Gaspar,Casaletto,65,gcasalettog4@statcounter.com
Viola,McAllen,44,vmcalleng5@jalbum.net
Matteo,Delooze,19,mdeloozeg6@usgs.gov
Janessa,Camilletti,48,jcamillettig7@wordpress.com
Virgina,Lackinton,56,vlackintong8@google.it
Washington,January,84,wjanuaryg9@ucoz.ru
Bette,Corter,48,bcorterga@wunderground.com
Ralina,Franek,55,rfranekgb@slashdot.org
Franklyn,Barbrick,31,fbarbrickgc@blog.com
Idell,Grayson,70,igraysongd@imageshack.us
Lottie,Wakerley,31,lwakerleyge@histats.com
Chelsae,Laurisch,26,claurischgf@ifeng.com
Delila,Caccavale,79,dcaccavalegg@nydailynews.com
Michel,Dimmne,84,mdimmnegh@webmd.com
Gwenore,Lenormand,67,glenormandgi@uiuc.edu
Desmond,Boakes,45,dboakesgj@mysql.com
Emalia,Binstead,40,ebinsteadgk@imageshack.us
Mufi,Aitken,52,maitkengl@globo.com
Sondra,MacCahee,62,smaccaheegm@epa.gov
Ferris,Robb,21,frobbgn@twitpic.com
Wilma,Semaine,82,wsemainego@lulu.com
Lanie,Kulis,52,lkulisgp@plala.or.jp
Tammie,Skillitt,55,tskillittgq@ibm.com
Abran,Vella,51,avellagr@exblog.jp
Fabe,Strathern,36,fstratherngs@google.com
Cathyleen,Braghini,84,cbraghinigt@altervista.org
Shelli,Wisson,52,swissongu@sakura.ne.jp
Priscilla,Philippault,37,pphilippaultgv@aol.com
Zed,Overthrow,22,zoverthrowgw@un.org
Denise,Raper,81,drapergx@feedburner.com
Lemmie,Allanson,43,lallansongy@t.co
Brietta,Clausen,41,bclausengz@cmu.edu
Sari,Lemonby,23,slemonbyh0@nymag.com
Duane,Grimsell,59,dgrimsellh1@ucsd.edu
Rosa,Knowlton,39,rknowltonh2@tinyurl.com
Eyde,Bartalucci,77,ebartaluccih3@netvibes.com
Heywood,Dedmam,77,hdedmamh4@php.net
Suzi,Gresty,59,sgrestyh5@4shared.com
Noelle,Duffrie,56,nduffrieh6@squarespace.com
Harmony,Searsby,49,hsearsbyh7@wikimedia.org
Sybila,Scotchbourouge,74,sscotchbourougeh8@smugmug.com
Glynis,Glozman,46,gglozmanh9@de.vu
Ced,Roth,78,crothha@who.int
Jeddy,Francecione,20,jfrancecionehb@cargocollective.com
Berty,Maundrell,61,bmaundrellhc@bizjournals.com
Sawyere,Knibb,27,sknibbhd@feedburner.com
Devlen,Klas,70,dklashe@imgur.com
Alyss,Von Oertzen,57,avonoertzenhf@icq.com
Olvan,Darthe,78,odarthehg@psu.edu
Patty,Peto,67,ppetohh@zdnet.com
Ivie,Clapston,72,iclapstonhi@addthis.com
Doralynne,Rush,48,drushhj@nih.gov
Maritsa,Reffe,73,mreffehk@imgur.com
Stesha,Gurnell,54,sgurnellhl@weebly.com
Angelo,Brothwood,51,abrothwoodhm@usa.gov
Bird,Taverner,71,btavernerhn@princeton.edu
Rafaelita,Trengrove,85,rtrengroveho@phpbb.com
Corinna,Phonix,44,cphonixhp@github.io
Legra,Saggers,57,lsaggershq@canalblog.com
Patrice,Frontczak,37,pfrontczakhr@aol.com
Ingunna,De Cristoforo,25,idecristoforohs@rakuten.co.jp
Dorthy,Idiens,21,didiensht@about.me
Nanete,Ibell,28,nibellhu@cbc.ca
Odelle,Torres,84,otorreshv@cdbaby.com
Paten,Delahunt,35,pdelahunthw@loc.gov
Barbie,Whithalgh,20,bwhithalghhx@moonfruit.com
Gena,Tarburn,78,gtarburnhy@hostgator.com
Mason,Itzkovitch,39,mitzkovitchhz@liveinternet.ru
Dell,Offen,28,doffeni0@nyu.edu
Hagan,Stango,40,hstangoi1@multiply.com
Henriette,Ternouth,29,hternouthi2@live.com
Karyn,Middleton,51,kmiddletoni3@ftc.gov
Corry,Willoughway,59,cwilloughwayi4@amazon.co.jp
Anderea,Couldwell,24,acouldwelli5@baidu.com
Debra,Shellum,21,dshellumi6@go.com
Sonnie,Cornall,37,scornalli7@redcross.org
Odell,McGilmartin,63,omcgilmartini8@ovh.net
Bendix,Vasyukhichev,30,bvasyukhichevi9@abc.net.au
Lenna,Sarjant,30,lsarjantia@newsvine.com
Jaymie,Mewha,26,jmewhaib@bing.com
Valentia,Ummfrey,20,vummfreyic@hp.com
Emili,Greenman,18,egreenmanid@spiegel.de
Angeline,Lagneaux,79,alagneauxie@hud.gov
Ashbey,Rapkins,42,arapkinsif@rakuten.co.jp
Sadie,Silkstone,63,ssilkstoneig@yellowpages.com
Ellie,Shannon,75,eshannonih@boston.com
Stevena,Klimuk,44,sklimukii@t-online.de
Lisabeth,Guerrier,68,lguerrierij@ovh.net
Boigie,Yemm,22,byemmik@hao123.com
Devondra,De Giorgio,83,ddegiorgioil@npr.org
Renato,Ralling,42,rrallingim@hibu.com
Brien,Tabner,54,btabnerin@tiny.cc
Allys,Tarry,23,atarryio@globo.com
Creight,Malster,54,cmalsterip@aol.com
Alyssa,Sprules,72,asprulesiq@senate.gov
Kass,Mahy,38,kmahyir@shutterfly.com
Kessia,Dillestone,78,kdillestoneis@kickstarter.com
Obie,Clulow,78,oclulowit@reference.com
Harley,Lively,38,hlivelyiu@tiny.cc
Codie,Clother,59,cclotheriv@businessinsider.com
Lizzy,Whissell,46,lwhisselliw@unesco.org
Darlleen,Pascoe,69,dpascoeix@xrea.com
Grantham,Kennelly,74,gkennellyiy@pcworld.com
Hilda,Vernalls,54,hvernallsiz@constantcontact.com
Ansley,Rude,53,arudej0@weather.com
Johnnie,Pepall,72,jpepallj1@reuters.com
Jobie,Coates,38,jcoatesj2@shutterfly.com
Viv,Van der Hoven,57,vvanderhovenj3@statcounter.com
Lydie,Sirette,54,lsirettej4@mapy.cz
Alistair,Mackiewicz,56,amackiewiczj5@w3.org
Valdemar,Chapellow,46,vchapellowj6@nhs.uk
Allin,Dunsmuir,85,adunsmuirj7@printfriendly.com
Carita,Reily,80,creilyj8@dailymotion.com
Jolene,Sattin,83,jsattinj9@msn.com
Marty,de Keep,33,mdekeepja@facebook.com
Laurie,Gettins,39,lgettinsjb@t-online.de
Di,Lago,65,dlagojc@youku.com
Phil,Flear,33,pflearjd@mozilla.org
Garrard,Mariot,52,gmariotje@miibeian.gov.cn
Cyrill,Barnfather,54,cbarnfatherjf@salon.com
Naomi,Klain,22,nklainjg@pen.io
Nikolai,Althrop,74,nalthropjh@foxnews.com
Jacquenette,Leupold,57,jleupoldji@seattletimes.com
Jerrylee,Nornasell,33,jnornaselljj@merriam-webster.com
Dani,Rosen,57,drosenjk@nationalgeographic.com
Henrik,Burney,51,hburneyjl@msu.edu
Mickey,Carlsson,39,mcarlssonjm@biglobe.ne.jp
Gene,Mixter,33,gmixterjn@nyu.edu
Lionello,Dakhov,25,ldakhovjo@soundcloud.com
Marilyn,Secombe,61,msecombejp@homestead.com
Hervey,McKelloch,35,hmckellochjq@abc.net.au
Graehme,Bogue,51,gboguejr@canalblog.com
Cristian,Cail,31,ccailjs@nyu.edu
Maryl,Mum,38,mmumjt@mediafire.com
Ora,Hellin,69,ohellinju@cnn.com
Carley,Crispin,74,ccrispinjv@howstuffworks.com
Angel,Benettelli,31,abenettellijw@amazon.com
Louisette,Downer,57,ldownerjx@icq.com
Sarette,Fleischmann,34,sfleischmannjy@360.cn
Margarethe,Merveille,27,mmerveillejz@upenn.edu
Cordie,Ormston,78,cormstonk0@youtu.be
Chelsy,Velte,52,cveltek1@prweb.com
Wakefield,Mabbitt,30,wmabbittk2@home.pl
Richardo,Mackney,26,rmackneyk3@naver.com
Eliza,Hawsby,26,ehawsbyk4@apple.com
Dyanne,Jeste,29,djestek5@people.com.cn
Yvon,Birrell,70,ybirrellk6@sbwire.com
Ram,Mattersey,27,rmatterseyk7@chron.com
Gardie,Credland,60,gcredlandk8@jimdo.com
Patric,Stephenson,54,pstephensonk9@yolasite.com
Devy,Okell,36,dokellka@ustream.tv
Peadar,MacMechan,62,pmacmechankb@blogs.com
Shaylynn,McQuirter,70,smcquirterkc@si.edu
Axe,Widdison,76,awiddisonkd@goodreads.com
Freda,Bunney,74,fbunneyke@nytimes.com
Amelina,O' Cuolahan,45,aocuolahankf@rakuten.co.jp
Giuseppe,Gavrielli,76,ggavriellikg@dell.com
Mark,Cornthwaite,25,mcornthwaitekh@tiny.cc
Adda,Berling,60,aberlingki@businessweek.com
Leonelle,Yushkov,38,lyushkovkj@prnewswire.com
Reginauld,Newbery,25,rnewberykk@apache.org
Anselma,Garrity,75,agarritykl@hugedomains.com
Roth,Paddy,79,rpaddykm@yolasite.com
Kellby,Debney,18,kdebneykn@state.tx.us
Dru,Ward,60,dwardko@nifty.com
Lydon,Labadini,85,llabadinikp@weibo.com
Piotr,Sandom,26,psandomkq@github.com
Gwenneth,Lepoidevin,72,glepoidevinkr@goo.gl
Martguerita,Rasmus,67,mrasmusks@github.com
Trevar,Catling,72,tcatlingkt@forbes.com
Orton,Cowup,52,ocowupku@parallels.com
Niki,Yashin,81,nyashinkv@spotify.com
Salomone,Heppenspall,67,sheppenspallkw@independent.co.uk
Georgeanne,Roles,39,groleskx@marketwatch.com
Morgan,Picopp,63,mpicoppky@virginia.edu
Petronilla,Zanini,28,pzaninikz@ox.ac.uk
Manon,Corss,75,mcorssl0@parallels.com
Rice,Helks,71,rhelksl1@blog.com
Hermann,Gallemore,19,hgallemorel2@bing.com
Broddie,Goodright,40,bgoodrightl3@dion.ne.jp
Bink,Dederick,29,bdederickl4@desdev.cn
Abelard,Riccione,24,ariccionel5@mtv.com
Ashla,Woodland,52,awoodlandl6@berkeley.edu
Garrard,Gallienne,36,ggalliennel7@shareasale.com
Rasla,Maurice,61,rmauricel8@dailymail.co.uk
Heidie,Perdue,57,hperduel9@zimbio.com
Abrahan,Stacey,77,astaceyla@w3.org
Joe,Foss,41,jfosslb@timesonline.co.uk
Avrom,Ducket,74,aducketlc@reverbnation.com
Jareb,Beven,33,jbevenld@state.gov
Jorrie,Snare,67,jsnarele@youku.com
Vale,Bow,63,vbowlf@icio.us
Skipton,Curedale,33,scuredalelg@dyndns.org
Kristofor,Ganter,65,kganterlh@dropbox.com
Christoper,Rowan,31,crowanli@globo.com
Lil,Jarley,31,ljarleylj@ucoz.ru
Ethe,Priddie,70,epriddielk@mashable.com
Chilton,Diemer,53,cdiemerll@wiley.com
Avie,Swift,40,aswiftlm@cornell.edu
Dolorita,Matthews,46,dmatthewsln@google.ca
Hinze,Maisey,21,hmaiseylo@tmall.com
Viki,Luff,83,vlufflp@columbia.edu
Pinchas,Garner,81,pgarnerlq@hexun.com
Grange,Vanne,61,gvannelr@pbs.org
Danyelle,Niset,83,dnisetls@ca.gov
Ezequiel,MacCorley,30,emaccorleylt@abc.net.au
Wayne,Jecks,36,wjeckslu@squidoo.com
Jasmina,Andriesse,58,jandriesselv@biglobe.ne.jp
Austin,Cornwall,74,acornwalllw@freewebs.com
Ross,Pagelsen,41,rpagelsenlx@cargocollective.com
Andy,Leeder,39,aleederly@virginia.edu
Temp,Girdler,64,tgirdlerlz@xinhuanet.com
Daniele,Carlyon,23,dcarlyonm0@squidoo.com
Gawen,Mucci,19,gmuccim1@flickr.com
Audrey,Groucutt,64,agroucuttm2@tiny.cc
Patric,Penrith,85,ppenrithm3@exblog.jp
Drake,Drogan,82,ddroganm4@histats.com
Allis,Denslow,40,adenslowm5@edublogs.org
Rachel,Mulloch,46,rmullochm6@ifeng.com
Beret,Elks,33,belksm7@cbsnews.com
Louella,Sutor,31,lsutorm8@reddit.com
Jada,Ragles,35,jraglesm9@sbwire.com
Grata,Coche,31,gcochema@lulu.com
Nanice,Fawks,29,nfawksmb@hp.com
Bridget,Spedding,18,bspeddingmc@engadget.com
Koral,Glentworth,56,kglentworthmd@examiner.com
Salvador,Goldingay,59,sgoldingayme@photobucket.com
Karyn,Belmont,64,kbelmontmf@wikispaces.com
Wynnie,Abrahamsen,59,wabrahamsenmg@merriam-webster.com
Lindie,Earley,61,learleymh@dropbox.com
Faina,Kensett,85,fkensettmi@mozilla.org
Cole,Pauli,55,cpaulimj@newsvine.com
Drusie,Reely,40,dreelymk@macromedia.com
Rutherford,Hatch,56,rhatchml@bluehost.com
Vanni,Mathers,85,vmathersmm@hubpages.com
Brose,Windybank,85,bwindybankmn@is.gd
Ernesta,Buntain,53,ebuntainmo@cloudflare.com
Frasier,Kuhle,46,fkuhlemp@archive.org
Ruthe,Tomaino,83,rtomainomq@who.int
Carol,Muzzullo,74,cmuzzullomr@intel.com
Catherina,Brett,28,cbrettms@acquirethisname.com
Pam,Micheli,64,pmichelimt@house.gov
Linnet,Vedeneev,50,lvedeneevmu@people.com.cn
Hamil,Collar,24,hcollarmv@cloudflare.com
Boyce,Points,49,bpointsmw@indiegogo.com
Cristian,Axup,31,caxupmx@nsw.gov.au
David,Lauxmann,24,dlauxmannmy@engadget.com
Heda,Crowcum,85,hcrowcummz@sina.com.cn
Cullie,Towersey,68,ctowerseyn0@hp.com
Farley,Patriskson,80,fpatrisksonn1@etsy.com
Nicolea,Cabotto,22,ncabotton2@umich.edu
Shanta,McCord,19,smccordn3@angelfire.com
Torey,Dripp,18,tdrippn4@ycombinator.com
Jonathan,Dabner,59,jdabnern5@cmu.edu
Jonell,Ponting,24,jpontingn6@zimbio.com
Allissa,Playdon,73,aplaydonn7@ibm.com
Kissee,Heyworth,74,kheyworthn8@unblog.fr
Bernard,Raynes,30,braynesn9@cocolog-nifty.com
Marnia,Theakston,33,mtheakstonna@sitemeter.com
Gerek,Dionisi,57,gdionisinb@360.cn
Roxana,Willows,53,rwillowsnc@linkedin.com
Godart,Surman-Wells,42,gsurmanwellsnd@bigcartel.com
Corette,Cartin,22,ccartinne@xing.com
Bronson,Melsom,22,bmelsomnf@surveymonkey.com
Owen,Fossick,72,ofossickng@nationalgeographic.com
Zonnya,Iozefovich,70,ziozefovichnh@zdnet.com
Laraine,Danne,73,ldanneni@europa.eu
Anneliese,Norewood,58,anorewoodnj@usgs.gov
Georges,MacIlraith,59,gmacilraithnk@goodreads.com
Vin,Kelway,47,vkelwaynl@mozilla.org
Agnola,Pipkin,65,apipkinnm@msn.com
Chastity,Culp,74,cculpnn@twitpic.com
Erminia,Srawley,54,esrawleyno@zimbio.com
Jere,Jaggers,30,jjaggersnp@mozilla.org
Minne,Vize,45,mvizenq@marriott.com
Elvyn,Reburn,47,ereburnnr@linkedin.com
Emanuele,Elfes,72,eelfesns@prnewswire.com
Denny,Myner,31,dmynernt@bbb.org
Levin,Leades,48,lleadesnu@tripadvisor.com
Allister,Kemball,39,akemballnv@jalbum.net
Delmar,Kinneally,48,dkinneallynw@salon.com
Gordan,Hendin,83,ghendinnx@techcrunch.com
Garrick,Keslake,82,gkeslakeny@flickr.com
Bab,Sturdy,47,bsturdynz@xing.com
Rikki,Hrihorovich,29,rhrihorovicho0@nytimes.com
Sena,O'Cridigan,62,socridigano1@i2i.jp
Ram,Hursey,42,rhurseyo2@friendfeed.com
Georgeanne,Houson,30,ghousono3@cyberchimps.com
Flemming,Lassells,49,flassellso4@ftc.gov
Mariel,Danev,66,mdanevo5@issuu.com
Carla,Liverock,47,cliverocko6@e-recht24.de
Debee,Rossey,80,drosseyo7@slideshare.net
Noam,Niezen,66,nniezeno8@latimes.com
Clayson,Bellward,66,cbellwardo9@goo.gl
Sebastian,Otridge,71,sotridgeoa@house.gov
Leontyne,Skelly,25,lskellyob@imdb.com
Britta,Ginity,48,bginityoc@hao123.com
Cybill,Leidl,25,cleidlod@wp.com
Sterne,Ubsdell,47,subsdelloe@icq.com
Keith,Trenholm,63,ktrenholmof@nydailynews.com
Tina,Greenalf,32,tgreenalfog@jigsy.com
Jan,Peascod,30,jpeascodoh@usa.gov
Fionnula,Bergen,36,fbergenoi@vimeo.com
Jayne,Jerzykiewicz,62,jjerzykiewiczoj@yahoo.co.jp
Eveleen,Yurocjhin,19,eyurocjhinok@blogspot.com
Goldi,Hurn,36,ghurnol@washington.edu
Andeee,Hestrop,76,ahestropom@so-net.ne.jp
Chas,Sunley,28,csunleyon@gizmodo.com
Alasteir,McIlriach,61,amcilriachoo@answers.com
Abby,Snasdell,48,asnasdellop@nsw.gov.au
Katusha,Pepall,47,kpepalloq@plala.or.jp
Rosanne,Ginnell,45,rginnellor@usatoday.com
Tull,Stirtle,38,tstirtleos@wikipedia.org
My,Edgeworth,82,medgeworthot@answers.com
Darnell,Feldmesser,56,dfeldmesserou@drupal.org
Roldan,Kerry,43,rkerryov@businessinsider.com
Deck,Avraam,35,davraamow@cmu.edu
Juliane,Jedrachowicz,54,jjedrachowiczox@europa.eu
Remington,Sheal,74,rshealoy@goodreads.com
Tilda,Swanbourne,85,tswanbourneoz@sbwire.com
Nels,Floyed,72,nfloyedp0@live.com
Gwendolyn,Goggen,23,ggoggenp1@nymag.com
Hedi,Kelner,83,hkelnerp2@mayoclinic.com
Carmelia,Ortells,73,cortellsp3@digg.com
Dolli,Klousner,81,dklousnerp4@multiply.com
Conny,Kuzemka,69,ckuzemkap5@dailymotion.com
Happy,Alten,33,haltenp6@hubpages.com
Lesya,Filippucci,42,lfilippuccip7@java.com
Anderson,Satch,51,asatchp8@g.co
Florencia,Skupinski,24,fskupinskip9@google.ru
Correy,McLice,44,cmclicepa@weibo.com
Lorianna,Fake,36,lfakepb@timesonline.co.uk
Rhoda,Leggitt,70,rleggittpc@usa.gov
Hayyim,Danielsohn,67,hdanielsohnpd@t-online.de
Mickie,Boyle,81,mboylepe@trellian.com
Jon,Giraudoux,40,jgiraudouxpf@usatoday.com
Kenyon,Cassimer,24,kcassimerpg@smh.com.au
Garnette,Izakov,67,gizakovph@archive.org
Edlin,MacKeig,44,emackeigpi@ibm.com
Lita,Venners,71,lvennerspj@de.vu
Heidi,Domonkos,55,hdomonkospk@ucoz.com
Cyrille,Guess,66,cguesspl@jigsy.com
Doroteya,Josofovitz,27,djosofovitzpm@walmart.com
Davide,Beelby,43,dbeelbypn@pen.io
Rita,Collett,75,rcollettpo@myspace.com
Garvy,Orthmann,51,gorthmannpp@fema.gov
Veriee,Blaszczak,29,vblaszczakpq@auda.org.au
Kalil,Kohn,43,kkohnpr@fda.gov
Fernande,Willford,67,fwillfordps@smugmug.com
Olivia,Conws,46,oconwspt@devhub.com
Gage,Rook,48,grookpu@cisco.com
Charlot,Fautley,58,cfautleypv@berkeley.edu
Shaina,Commins,77,scomminspw@google.nl
Foster,Alison,61,falisonpx@japanpost.jp
Bucky,Chasen,60,bchasenpy@gizmodo.com
Casandra,Mish,62,cmishpz@cbc.ca
Daria,Lewerenz,51,dlewerenzq0@usda.gov
Axel,Founds,45,afoundsq1@discovery.com
Riki,Richardeau,73,rrichardeauq2@imageshack.us
Humphrey,Guile,25,hguileq3@skyrock.com
Andeee,Coutthart,59,acoutthartq4@cbsnews.com
Bevon,Mixworthy,51,bmixworthyq5@state.gov
Justine,Tolomelli,57,jtolomelliq6@rakuten.co.jp
Crystie,Gladdin,32,cgladdinq7@utexas.edu
Grace,Coomes,19,gcoomesq8@icq.com
Dyanne,Pickford,38,dpickfordq9@statcounter.com
Darla,Camblin,80,dcamblinqa@ning.com
Melodee,Pippard,33,mpippardqb@networksolutions.com
Tyne,Estoile,23,testoileqc@buzzfeed.com
Mei,Ends,25,mendsqd@imdb.com
Karita,Dulinty,82,kdulintyqe@eepurl.com
Heida,Goodbar,50,hgoodbarqf@imgur.com
Mabel,Lindsley,35,mlindsleyqg@newsvine.com
Harlie,Brownsword,53,hbrownswordqh@pen.io
Sidnee,Skedgell,50,sskedgellqi@drupal.org
Myrilla,Ackland,76,macklandqj@cnet.com
Olivie,Cogdon,84,ocogdonqk@time.com
Gregg,Doogue,70,gdoogueql@prlog.org
Northrup,Akhurst,50,nakhurstqm@scribd.com
Jamaal,McDonogh,39,jmcdonoghqn@feedburner.com
August,Purver,77,apurverqo@netvibes.com
Grantley,Hazelton,39,ghazeltonqp@youtube.com
Flossi,Hallstone,81,fhallstoneqq@spiegel.de
Adrien,Wederell,63,awederellqr@typepad.com
Dominique,Dignam,65,ddignamqs@dropbox.com
Finlay,Larmet,28,flarmetqt@google.com.br
Eloise,McCafferty,45,emccaffertyqu@cargocollective.com
Marjorie,Romushkin,31,mromushkinqv@goo.gl
Clio,Coulthurst,71,ccoulthurstqw@joomla.org
Jayson,Weigh,33,jweighqx@bigcartel.com
Abagail,Hurlin,43,ahurlinqy@upenn.edu
Padriac,Waddell,48,pwaddellqz@japanpost.jp
Fergus,McBryde,33,fmcbryder0@google.it
Petronille,Tine,45,ptiner1@yelp.com
Hayden,Sigars,77,hsigarsr2@freewebs.com
Cameron,Cochran,61,ccochranr3@edublogs.org
Florry,Reynalds,40,freynaldsr4@hud.gov
Sigfrid,Brecken,21,sbreckenr5@webmd.com
Westbrook,Goroni,64,wgoronir6@state.tx.us
Malissia,Curnnokk,58,mcurnnokkr7@dailymotion.com
Ruy,Chesterman,76,rchestermanr8@earthlink.net
Rora,Burtenshaw,32,rburtenshawr9@mapy.cz
Alix,Battershall,66,abattershallra@si.edu
Shaw,Coney,48,sconeyrb@histats.com
Darnall,Diaper,68,ddiaperrc@csmonitor.com
Marney,Delap,41,mdelaprd@mediafire.com
Domenic,Foldes,46,dfoldesre@sakura.ne.jp
Lorelle,Toderini,74,ltoderinirf@amazonaws.com
Julie,Diche,28,jdicherg@va.gov
Giff,Guy,34,gguyrh@sohu.com
Morton,Auckland,36,maucklandri@naver.com
Koo,Lenglet,64,klengletrj@salon.com
Neil,Pallis,78,npallisrk@bizjournals.com
Raeann,Ivanets,56,rivanetsrl@deviantart.com
Elvyn,De Mitris,77,edemitrisrm@joomla.org
Helenka,Neylon,34,hneylonrn@shop-pro.jp
Kathi,Popplestone,54,kpopplestonero@qq.com
Hedy,O'Cosgra,78,hocosgrarp@microsoft.com
Antonius,Thaxton,29,athaxtonrq@latimes.com
Riccardo,Cockaday,41,rcockadayrr@nifty.com
